chatId,patientId,Title
1,919,Chat with Anallese Halla
2,535,Chat with Shel Dearborn
3,830,Chat with Mara Shuler
4,398,Chat with Dale Lewes
5,375,Chat with Sharlene Luhe
6,566,Chat with Rebeca Winnick
7,404,Chat with Merry Henebry
8,922,Chat with Orsola Torray
9,603,Chat with Dolli Anderea
10,939,Chat with Mellicent Shama
11,334,Chat with Kaia Taam
12,906,Chat with Viviene Autrey
13,147,Chat with Winny Arley
14,599,Chat with Kylynn Maryanne
15,650,Chat with Wendi Chem
16,489,Chat with Lory Wu
17,404,Chat with Marcy Vacuva
18,318,Chat with Tori Zeeba
19,388,Chat with Dennie Emmaline
20,935,Chat with Meriel Loring
21,969,Chat with Roseline Anton
22,147,Chat with Marinna Ortrude
23,825,Chat with Norine Elbertina
24,464,Chat with Lynnea Bennie
25,804,Chat with Madelle Camden
26,350,Chat with Neila Sprage
27,888,Chat with Reeba Romelda
28,452,Chat with Joleen Sophronia
29,926,Chat with Doro Tybald
30,952,Chat with Brena Cassius
31,192,Chat with Fidelia Buckler
32,297,Chat with Kore Genna
33,659,Chat with Chere Tice
34,653,Chat with Allis Edison
35,813,Chat with Tiffie Ochs
36,124,Chat with Netty Allina
37,213,Chat with Gale Pattin
38,850,Chat with Dari Agle
39,228,Chat with Leona Othilia
40,685,Chat with Nataline Sherrie
41,561,Chat with Selia Katrine
42,931,Chat with Keelia Olin
43,925,Chat with Kassey Amasa
44,205,Chat with Corry Neils
45,723,Chat with Alex Dituri
46,159,Chat with Jan Wyn
47,747,Chat with Lila Rhu
48,285,Chat with Monika Larochelle
49,772,Chat with Glynnis Yusuk
50,844,Chat with Sandie Saint
51,317,Chat with Sallie Alice
52,241,Chat with Lynnea Arquit
53,952,Chat with Hildegaard Maurine
54,782,Chat with Jerry Pattin
55,199,Chat with Melina Han
56,625,Chat with Donetta Sandye
57,700,Chat with Georgetta Dawkins
58,942,Chat with Ingrid McLaughlin
59,275,Chat with Alleen Cyrie
60,338,Chat with Laurene Garek
61,580,Chat with Stephanie Dash
62,623,Chat with Beatriz Matthew
63,697,Chat with Basia Sheedy
64,271,Chat with Dode Haymes
65,935,Chat with Adele Japeth
66,700,Chat with Goldie Sophronia
67,867,Chat with Doro Johnsson
68,397,Chat with Lorenza Gaynor
69,532,Chat with Karina Sisile
70,880,Chat with Rosaline Nicoline
71,568,Chat with Kary Telfer
72,111,Chat with Leontine Zachary
73,151,Chat with Linet Persse
74,698,Chat with Imojean Sekofski
75,258,Chat with Marleah Maiah
76,547,Chat with Pearline Carri
77,454,Chat with Tera Linehan
78,824,Chat with Misha Bonilla
79,513,Chat with Sandie Dash
80,788,Chat with Bobbi Jaylene
81,816,Chat with Brena Obed
82,850,Chat with Mellicent Virgin
83,808,Chat with Cathyleen Sigfrid
84,779,Chat with Candi Shaver
85,480,Chat with Sharlene Kiersten
86,590,Chat with Courtnay Wittie
87,202,Chat with Rivalee Loring
88,354,Chat with Ivett Milson
89,226,Chat with Gianina Bevin
90,550,Chat with Marcelline Keelia
91,387,Chat with Kayla Emmy
92,551,Chat with Raf McCutcheon
93,929,Chat with Sonni Regan
94,166,Chat with Marcy Melleta
95,465,Chat with Mathilda Torray
96,523,Chat with Yolane Kevon
97,963,Chat with Consuela Heisel
98,533,Chat with Jany Hortensia
99,984,Chat with Perry Dudley
100,623,Chat with Jackie Lay
101,460,Chat with Evita Silvan
102,756,Chat with Sissy Kelula
103,120,Chat with Camile Ovid
104,527,Chat with Amalie Raffo
105,979,Chat with Winifred Tice
106,405,Chat with Annaliese Gaulin
107,849,Chat with Marti Jarib
108,628,Chat with Marcelline Peg
109,297,Chat with Ariela Ietta
110,610,Chat with Trixi Hollingsworth
111,174,Chat with Cam Cordi
112,978,Chat with Aryn Arvo
113,952,Chat with Lanae Havens
114,211,Chat with Sara-Ann Amadas
115,184,Chat with Consuela Macey
116,203,Chat with Chickie Fiester
117,867,Chat with Marika Etom
118,848,Chat with Sybille McLaughlin
119,405,Chat with Ilse Gamaliel
120,562,Chat with Sam Florina
121,686,Chat with Sherrie Ashely
122,405,Chat with Hannis Madox
123,347,Chat with Latisha Percy
124,574,Chat with Camile Jammal
125,739,Chat with Claresta Lane
126,730,Chat with Agnese Gherardo
127,645,Chat with Tiffie Johnsson
128,240,Chat with Margette Belldas
129,241,Chat with Etta Ambrosia
130,747,Chat with Mary Klemperer
131,167,Chat with Nyssa Hanleigh
132,426,Chat with Philis Sawtelle
133,425,Chat with Dione Revkah
134,667,Chat with Ileana Fabiola
135,685,Chat with Antonietta Reinke
136,641,Chat with Andeee Chapland
137,341,Chat with Ebonee Kendrick
138,630,Chat with Brooks Ephrem
139,992,Chat with Angela Claudine
140,803,Chat with Gilligan Rolf
141,298,Chat with Chere Dom
142,263,Chat with Fernande Nelsen
143,514,Chat with Kirbee Tarrant
144,316,Chat with Kara-Lynn Goddard
145,161,Chat with Chloris Crudden
146,618,Chat with Molli Liebermann
147,773,Chat with Daryl Cordi
148,865,Chat with Bobbi Ambrosia
149,360,Chat with Frances McGrody
150,639,Chat with Misha Yate
151,499,Chat with Trudie Erb
152,930,Chat with Bernardine Bates
153,355,Chat with Sallie Plato
154,470,Chat with Emilia Zetta
155,438,Chat with Sissy Bari
156,959,Chat with Lory Dash
157,959,Chat with Thalia Glenden
158,434,Chat with Lauryn Karl
159,468,Chat with Mildrid Brandice
160,596,Chat with Susan Christal
161,194,Chat with Priscilla Mathilde
162,349,Chat with Emylee Redmond
163,502,Chat with Gretal Pelagias
164,134,Chat with Shirlee Anselmi
165,186,Chat with Roseline Leary
166,566,Chat with Renie Pulsifer
167,216,Chat with Michaelina Goerke
168,332,Chat with Winny Kravits
169,716,Chat with Melanie Zola
170,816,Chat with Zsa Zsa Nikaniki
171,353,Chat with Raina Fabiola
172,155,Chat with Joelly Anyah
173,522,Chat with Ardys Ortrude
174,492,Chat with Gretal Merell
175,609,Chat with Jemie Alva
176,482,Chat with Annora Jillane
177,431,Chat with Dianemarie Ferrell
178,739,Chat with Ninnetta Tjon
179,768,Chat with Mignon Lattie
180,207,Chat with Carree Brotherson
181,205,Chat with Roxane Koehler
182,736,Chat with Augustine Raama
183,281,Chat with Marguerite Silvan
184,600,Chat with Devina Hoenack
185,161,Chat with Loree Bertold
186,756,Chat with Ariela Maurine
187,658,Chat with Jean Sekofski
188,421,Chat with Queenie Haldas
189,134,Chat with Joelly Grimbly
190,881,Chat with Maye Kannry
191,435,Chat with Taffy Olympium
192,490,Chat with Codie Bandeen
193,613,Chat with Zia Wildermuth
194,430,Chat with Demetris Velick
195,615,Chat with Rosene Devlen
196,919,Chat with Roberta Schalles
197,214,Chat with Janey Bearnard
198,264,Chat with Elsie Bivins
199,624,Chat with Dominga Jalbert
200,308,Chat with Noelle Hailee
201,370,Chat with Fanchon Bennie
202,734,Chat with Carilyn Rosemary
203,170,Chat with Bibby Aaberg
204,856,Chat with Gretal Bonilla
205,886,Chat with Bill Mich
206,771,Chat with Ninnetta Oneida
207,906,Chat with Rhoda Glenden
208,138,Chat with Sherrie Alcott
209,718,Chat with Bettine Lareena
210,187,Chat with Arlena Keily
211,466,Chat with Myrtice Oriana
212,737,Chat with Joeann Adrienne
213,893,Chat with Dorthy Roscoe
214,379,Chat with Tracey Martguerita
215,778,Chat with Katleen Lewes
216,453,Chat with Ginnie Doig
217,791,Chat with Minda Haymes
218,526,Chat with Consuela Yusuk
219,597,Chat with Mady Marcellus
220,185,Chat with Carolina Sparhawk
221,426,Chat with Lesly Garbe
222,993,Chat with Brietta Stanwood
223,686,Chat with Lynea Hourigan
224,826,Chat with Hermione Weide
225,922,Chat with Verla Gualtiero
226,187,Chat with Yolane Carri
227,961,Chat with Ruthe Garbe
228,878,Chat with Janis Marcellus
229,579,Chat with Cathie Naashom
230,960,Chat with Lorie Dielu
231,299,Chat with Helena Rosemary
232,835,Chat with Elie Brackely
233,330,Chat with Gilda Infield
234,893,Chat with Amara Aloise
235,131,Chat with Jaclyn Euridice
236,865,Chat with Belinda Anis
237,623,Chat with Frank Brieta
238,952,Chat with Bettine Gusella
239,162,Chat with Lynde Imelida
240,383,Chat with Konstance Dichy
241,146,Chat with Evita Ricki
242,260,Chat with Brynna Ahab
243,198,Chat with Sue Guildroy
244,227,Chat with Brooks Chem
245,176,Chat with Dorthy Maisey
246,507,Chat with Winny Dreda
247,364,Chat with Blondelle Iphlgenia
248,606,Chat with Aurelie Jalbert
249,628,Chat with Darlleen Berl
250,870,Chat with Carolina Carbo
251,322,Chat with Valli Rese
252,900,Chat with Kristan Ortrude
253,373,Chat with Asia Bendick
254,920,Chat with Ann-Marie Maurine
255,794,Chat with Margalo Lucienne
256,403,Chat with Ericka Ortrude
257,694,Chat with Paola Swigart
258,410,Chat with Ilse Felecia
259,393,Chat with Fanchon Eachern
260,317,Chat with Zondra Mike
261,122,Chat with Janenna Croix
262,334,Chat with Carly Janene
263,130,Chat with Ermengarde Izaak
264,1000,Chat with Noelle Grayce
265,866,Chat with Annabela Gabrielli
266,614,Chat with Ardeen Carri
267,520,Chat with Nicoli Seligman
268,145,Chat with Jacquetta Kirbee
269,576,Chat with Stevana Henrie
270,681,Chat with Andeee Devlen
271,645,Chat with Ana Nedrud
272,962,Chat with Jere Therine
273,907,Chat with Keelia Alva
274,319,Chat with Bernardine Stuart
275,520,Chat with Gisela Hanshaw
276,802,Chat with Barbi Lindemann
277,877,Chat with Nelle Prouty
278,553,Chat with Tersina Linskey
279,236,Chat with Roz Erich
280,995,Chat with Robbi Berl
281,805,Chat with Sallie Dielu
282,866,Chat with Sharlene Gordon
283,570,Chat with Cassondra Vins
284,591,Chat with Leona Ralfston
285,730,Chat with Delilah Edison
286,931,Chat with Bettine Lorenz
287,645,Chat with Angela Craggie
288,903,Chat with Raina Delp
289,884,Chat with Krystle Ashok
290,619,Chat with Kristina Ackerley
291,359,Chat with Amalie Stephie
292,299,Chat with Larine Vivle
293,435,Chat with Leona Jerald
294,529,Chat with Viki Kristi
295,907,Chat with Rubie Buttaro
296,234,Chat with Susette Jalbert
297,966,Chat with Kelly Kaete
298,795,Chat with Goldie Dudley
299,463,Chat with Loree Lutero
300,710,Chat with Amara Anderea
301,647,Chat with Bernardine August
302,202,Chat with Frank Desai
303,613,Chat with Camile Olin
304,198,Chat with Maisey Flyn
305,604,Chat with Neila Tremayne
306,124,Chat with Dari Tufts
307,981,Chat with Chandra Brodench
308,121,Chat with Correy Pozzy
309,116,Chat with Babita Felecia
310,794,Chat with Daune Isacco
311,595,Chat with Aubrie Carolin
312,184,Chat with Susan Garlinda
313,148,Chat with Korrie Jefferey
314,847,Chat with Deloria Cutlerr
315,688,Chat with Merle Lucienne
316,371,Chat with Zaria Durware
317,854,Chat with Berget Hirsch
318,863,Chat with Yetty Sherfield
319,819,Chat with Nannie Gino
320,190,Chat with Amara Sawtelle
321,876,Chat with Robbi Bakerman
322,250,Chat with Vonny Lissi
323,914,Chat with Jemie Baudin
324,588,Chat with Eadie Wattenberg
325,976,Chat with Leontine Dominy
326,238,Chat with Phylis Calhoun
327,989,Chat with Johna Terencio
328,387,Chat with Gianina Merna
329,812,Chat with Fred Graig
330,940,Chat with Karolina Roche
331,368,Chat with Stephanie Agle
332,352,Chat with Cam Dorothy
333,305,Chat with Grier Ummersen
334,484,Chat with Korrie Glovsky
335,673,Chat with Keelia Kauppi
336,178,Chat with Konstance Vary
337,369,Chat with Shirlee Bonucci
338,523,Chat with Melina Revkah
339,655,Chat with Selma Naashom
340,465,Chat with Bettine Huggins
341,346,Chat with Pierette Bari
342,182,Chat with Annice Randene
343,765,Chat with Reeba Moina
344,621,Chat with Tarra Bouchard
345,516,Chat with Maurene Adrienne
346,710,Chat with Ida Pettiford
347,266,Chat with Ricky Israeli
348,409,Chat with Netty Moseley
349,656,Chat with Sherrie Chabot
350,922,Chat with Vita Couture
351,673,Chat with Rosene Evangelia
352,363,Chat with Alia Wesle
353,511,Chat with Antonietta Ovid
354,967,Chat with Cam Beebe
355,142,Chat with Aurore Garrison
356,707,Chat with Christian Ephrem
357,624,Chat with Blinni Allare
358,490,Chat with Elena McGrody
359,460,Chat with Dorthy Noman
360,620,Chat with Ebonee Gabrielli
361,883,Chat with Merci Clara
362,311,Chat with Nadine Rossner
363,606,Chat with Kial Autrey
364,188,Chat with Tybie Sandye
365,574,Chat with Delilah Montgomery
366,328,Chat with Pierette Atcliffe
367,149,Chat with Drucie Nedrud
368,740,Chat with Libbie Juan
369,926,Chat with Eve Ochs
370,175,Chat with Magdalena Alabaster
371,416,Chat with Rosene Anestassia
372,733,Chat with Lesly Arquit
373,681,Chat with Meriel Albertine
374,922,Chat with Christal Goth
375,195,Chat with Korrie Pattin
376,595,Chat with Lonnie Cohdwell
377,812,Chat with Verla Ursulette
378,146,Chat with Flory Sawtelle
379,650,Chat with Steffane Morgun
380,227,Chat with Heddie Ethban
381,254,Chat with Ketti Monk
382,103,Chat with Lusa Alisia
383,991,Chat with Anica Pierette
384,457,Chat with Ebonee Bari
385,948,Chat with Jere Sabella
386,511,Chat with Sam Gibbeon
387,497,Chat with Merry Revkah
388,828,Chat with Andree Koziara
389,143,Chat with Micheline Eugenia
390,430,Chat with Elora Rosemary
391,212,Chat with Annice Gino
392,647,Chat with Gertrud Naor
393,587,Chat with Alex Mallon
394,838,Chat with Heida Sisile
395,274,Chat with Tami Georgy
396,778,Chat with Cordi Madox
397,258,Chat with Renae Gaynor
398,262,Chat with Kenna Kesley
399,743,Chat with Hallie Cloris
400,228,Chat with Marnia Love
401,225,Chat with Ivett Gaal
402,141,Chat with Maye McLaughlin
403,844,Chat with Margette Tamsky
404,398,Chat with Frank Zeeba
405,853,Chat with Morganica Haerr
406,412,Chat with Esmeralda Dannye
407,844,Chat with Lizzie Jammal
408,336,Chat with Gilda Thilda
409,970,Chat with Ira Helve
410,838,Chat with Mellicent Slifka
411,593,Chat with Dagmar Suzetta
412,203,Chat with Kore Merriott
413,714,Chat with Anallese Clie
414,857,Chat with Beth Audly
415,987,Chat with Dacia Saree
416,471,Chat with Neila Heisel
417,891,Chat with Lucy Leary
418,740,Chat with Belinda Gladstone
419,158,Chat with Damaris Greenwald
420,692,Chat with Tori Stacy
421,957,Chat with Wynne Zrike
422,773,Chat with Jean Ogren
423,356,Chat with Ketti Infield
424,831,Chat with Robbi Reneta
425,909,Chat with Cassondra Audly
426,865,Chat with Dianemarie Cath
427,460,Chat with Danny Hachmin
428,330,Chat with Misha Malina
429,190,Chat with Gilda Weaks
430,531,Chat with Brana Redmond
431,198,Chat with Maisey Goldina
432,849,Chat with Jinny Naashom
433,664,Chat with Monika Leary
434,337,Chat with Ricky Darrell
435,330,Chat with Penelopa Yerkovich
436,667,Chat with Sallie Lail
437,747,Chat with Maryellen Eugenia
438,814,Chat with Merci Laurianne
439,722,Chat with Millie Schwejda
440,732,Chat with Neila Bertold
441,879,Chat with Mildrid Bakerman
442,124,Chat with Bobinette Peti
443,804,Chat with Collen Daniele
444,614,Chat with Lauryn Rogerio
445,710,Chat with Mireielle Sheedy
446,389,Chat with Shandie Koziara
447,238,Chat with Jillayne Sigfrid
448,607,Chat with Joelly Othilia
449,968,Chat with Merle Charity
450,152,Chat with Winifred Kazimir
451,133,Chat with Mariele Emanuel
452,565,Chat with Gabriellia Pyle
453,545,Chat with Chandra Alrich
454,807,Chat with Gwenneth Kylander
455,648,Chat with Flory Aloise
456,431,Chat with Rochette Laurianne
457,112,Chat with Elbertina Dosia
458,504,Chat with Ingrid Harl
459,637,Chat with Merrie Lilybelle
460,142,Chat with Patricia Septima
461,797,Chat with Oona Kaja
462,377,Chat with Fred Stover
463,138,Chat with Frances Lamoree
464,673,Chat with Cathyleen Caitlin
465,602,Chat with Bernie Brenn
466,118,Chat with Alexine Isacco
467,237,Chat with Janeczka Kinnard
468,976,Chat with Rosene Oriana
469,448,Chat with Wendi Gilmour
470,940,Chat with Leanna Elbertina
471,438,Chat with Shauna Ioab
472,330,Chat with Nikki Hull
473,934,Chat with Sam Cookie
474,128,Chat with Kelly Celestine
475,820,Chat with Marsiella Pitt
476,543,Chat with Giustina Fancie
477,291,Chat with Roz Oster
478,536,Chat with Hayley Lorenz
479,466,Chat with Roberta My
480,419,Chat with Elfreda Stuart
481,985,Chat with Sallie Yorick
482,228,Chat with Shandie Dawkins
483,974,Chat with Cyb Ivens
484,389,Chat with Myriam Philoo
485,916,Chat with Binny Frodi
486,827,Chat with Mureil Oriana
487,830,Chat with Amii Lail
488,482,Chat with Sara-Ann Wadell
489,321,Chat with Penelopa Kathie
490,626,Chat with Allis Colleen
491,968,Chat with Amelia Durware
492,940,Chat with Inga Hourigan
493,430,Chat with Aili Ventre
494,972,Chat with Minda MacIntosh
495,964,Chat with Clo Cherianne
496,108,Chat with Antonietta Claudine
497,126,Chat with Silvana Zina
498,200,Chat with Feliza Curren
499,141,Chat with Lila Martguerita
500,658,Chat with Vere Bury
501,487,Chat with Dawn Teryn
502,870,Chat with Feliza Moina
503,311,Chat with Karlee Creamer
504,647,Chat with Renae Heidt
505,718,Chat with Aryn Dominy
506,702,Chat with Dari Schroth
507,888,Chat with Inga Camden
508,395,Chat with Libbie Burnside
509,221,Chat with Benita Ashok
510,456,Chat with Olwen Uund
511,171,Chat with Barbi Emmaline
512,751,Chat with Cacilie Jotham
513,896,Chat with Mireielle Koziara
514,921,Chat with Gavrielle Kellby
515,144,Chat with Susan Evangelia
516,265,Chat with Merrie Kellby
517,279,Chat with Siana Oneida
518,327,Chat with Sybille McClimans
519,579,Chat with Sue Adrienne
520,498,Chat with Asia Riordan
521,924,Chat with Ericka Melan
522,405,Chat with Misha Ferrell
523,327,Chat with Karlee Georas
524,421,Chat with Chrystel Berard
525,694,Chat with Millie Belldas
526,175,Chat with Carmela Vacuva
527,860,Chat with Margarette Dorothy
528,255,Chat with Kelly O'Neill
529,104,Chat with Joane Yam
530,725,Chat with Judy Shanley
531,157,Chat with Yetty Shanley
532,703,Chat with Janenna Uund
533,696,Chat with Grier Noam
534,462,Chat with Nickie Kiersten
535,941,Chat with Farrah Linehan
536,393,Chat with Concettina Libna
537,181,Chat with Clarice Willie
538,420,Chat with Aryn Evangelia
539,660,Chat with Rochette Sawtelle
540,441,Chat with Adriana Gherardo
541,541,Chat with Annaliese Saree
542,863,Chat with Dulcinea Hebner
543,488,Chat with Dominga Ventre
544,871,Chat with Aeriela Connelly
545,323,Chat with Collen LaRue
546,602,Chat with Tilly Nahum
547,392,Chat with Madeleine Kussell
548,204,Chat with Robinia Earlie
549,877,Chat with Leanna Madelene
550,712,Chat with Karly Lattie
551,596,Chat with Emelina Kimmie
552,482,Chat with Fidelia Socha
553,648,Chat with Carree Shama
554,891,Chat with Tressa Jena
555,725,Chat with Feliza Zetta
556,141,Chat with Marinna Bartlett
557,135,Chat with Sam Verger
558,961,Chat with Elka Huggins
559,464,Chat with Delilah Liebermann
560,569,Chat with Jinny Stav
561,117,Chat with Madelle Milde
562,151,Chat with Sheree Desai
563,729,Chat with Britte Joli
564,174,Chat with Etta Bergman
565,171,Chat with Wynne Silvan
566,226,Chat with Sashenka Pernick
567,749,Chat with Sallie Hunfredo
568,740,Chat with Iseabal Leopold
569,637,Chat with Elfreda Lacombe
570,796,Chat with Talya Jacqui
571,981,Chat with Corly Artie
572,160,Chat with Leia Diann
573,692,Chat with Tamqrah Orelee
574,229,Chat with Sybille Esmaria
575,227,Chat with Ileana Mullane
576,470,Chat with Michaelina Gale
577,639,Chat with Therine Hortensia
578,571,Chat with Daune Wildermuth
579,894,Chat with Kaja Bach
580,784,Chat with Anallese Knowling
581,576,Chat with Hannis Wyn
582,135,Chat with Mamie Loleta
583,262,Chat with Laure Lumbard
584,766,Chat with Mellicent Zaslow
585,216,Chat with Stephanie Japeth
586,462,Chat with Doralynne Rolf
587,256,Chat with Brietta Socha
588,195,Chat with Etta Joeann
589,324,Chat with Hollie Calhoun
590,620,Chat with Ardenia Modie
591,104,Chat with Chere Maisey
592,681,Chat with Celestyna Berl
593,698,Chat with Rubie Marden
594,354,Chat with Oona Chesna
595,394,Chat with Gui Modie
596,858,Chat with Halette Jillane
597,621,Chat with Ekaterina Woodberry
598,632,Chat with Paule Zola
599,274,Chat with Hayley Stuart
600,128,Chat with Elka Orpah
601,645,Chat with Janis Pierette
602,755,Chat with Nyssa Ietta
603,466,Chat with Regina Roumell
604,700,Chat with Mignon Waldron
605,349,Chat with Bertine Aprile
606,839,Chat with Hettie Ursulette
607,255,Chat with Alyssa Abram
608,773,Chat with Addia Halla
609,796,Chat with Asia Gherardo
610,522,Chat with Gusella Ailyn
611,856,Chat with Lelah Toni
612,333,Chat with Kore Linskey
613,430,Chat with Margette Wesle
614,325,Chat with Vevay Holbrook
615,662,Chat with Josephine Jenness
616,248,Chat with Bettine Duwalt
617,488,Chat with Alisha Elephus
618,987,Chat with Vanessa Kendrick
619,500,Chat with Dennie Ruvolo
620,729,Chat with Ileana Zenas
621,172,Chat with Ann-Marie Gwenore
622,873,Chat with Mariann Holtz
623,960,Chat with Cissiee Lytton
624,625,Chat with Caryl Han
625,273,Chat with Doralynne Dowski
626,969,Chat with Tonia Shields
627,468,Chat with Agathe Eldrid
628,381,Chat with Chickie Hazlett
629,147,Chat with Jessy Shelba
630,422,Chat with Carree Cynar
631,257,Chat with Desirae Primalia
632,328,Chat with Sissy Auberbach
633,444,Chat with Nataline Dituri
634,953,Chat with Britte Helfand
635,732,Chat with Miquela Reidar
636,261,Chat with Annecorinne Papageno
637,495,Chat with Adriana Delp
638,594,Chat with Debee Kenwood
639,812,Chat with Patricia Ventre
640,256,Chat with Consuela Annabella
641,571,Chat with Henriette Janith
642,790,Chat with Rhoda Latini
643,627,Chat with Kelly Stoller
644,608,Chat with Rosene Lynn
645,358,Chat with Talya Bettine
646,937,Chat with Sashenka Even
647,176,Chat with Mariann Stoller
648,977,Chat with Carree Bach
649,710,Chat with Heida Erich
650,677,Chat with Aubrie Belanger
651,505,Chat with Therine Love
652,719,Chat with Cecile Lytton
653,958,Chat with Beatriz Hylan
654,217,Chat with Agathe Shaddock
655,876,Chat with Taffy Rese
656,730,Chat with Sabina Tillford
657,171,Chat with Sean Dituri
658,106,Chat with Petronia Tamsky
659,482,Chat with Sashenka Fry
660,628,Chat with Angelique Justinn
661,176,Chat with Sybille Brunell
662,909,Chat with Lily Cherianne
663,405,Chat with Elora Hermes
664,761,Chat with Dania Rolf
665,534,Chat with Edith Malina
666,174,Chat with Ekaterina Kenney
667,443,Chat with Trixi Carmena
668,794,Chat with Demetris Ade
669,385,Chat with Mamie Prouty
670,461,Chat with Kirbee Calhoun
671,527,Chat with Fernande McNully
672,566,Chat with Livvyy Decato
673,853,Chat with Justinn Krystle
674,349,Chat with Jaclyn Schlosser
675,383,Chat with Lory Kosey
676,359,Chat with Misha Garek
677,456,Chat with Madelle Westphal
678,631,Chat with Roseline Newell
679,894,Chat with Tatiania Carri
680,406,Chat with Bertine Clywd
681,163,Chat with Nananne Rodmann
682,576,Chat with Coral Raama
683,300,Chat with Willetta Quent
684,376,Chat with Dode Vilma
685,434,Chat with Gabriellia Darbie
686,475,Chat with Blinni Fitzsimmons
687,322,Chat with Gianina Ingra
688,857,Chat with Glenda Damarra
689,906,Chat with Aaren Rustice
690,166,Chat with Lyssa Irmine
691,248,Chat with Jinny Klotz
692,940,Chat with Cassondra Olympium
693,885,Chat with Nariko Wattenberg
694,502,Chat with Cacilie Camden
695,843,Chat with Jessamyn Friede
696,178,Chat with Jaclyn Kenwood
697,657,Chat with Heida Birdella
698,588,Chat with Kassey Liebermann
699,364,Chat with Estell Zuzana
700,582,Chat with Courtnay Marijo
701,384,Chat with Ninnetta Old
702,466,Chat with Elka Juan
703,195,Chat with Eve Keily
704,386,Chat with Hallie Wu
705,636,Chat with Tonia Knowling
706,438,Chat with Valli Blisse
707,690,Chat with Maud Swigart
708,358,Chat with Brietta Pattin
709,364,Chat with Jenilee Greyson
710,893,Chat with Cordi Dielu
711,481,Chat with Neila Pyle
712,473,Chat with Doro Brodench
713,378,Chat with Karly McGrody
714,438,Chat with Christy O'Carroll
715,697,Chat with Esmeralda Travax
716,980,Chat with Emilia Rad
717,328,Chat with Sissy Yorick
718,646,Chat with Jerry Burkle
719,761,Chat with Nyssa Libna
720,374,Chat with Konstance Ricki
721,431,Chat with Caressa Herrera
722,656,Chat with Etta Dalli
723,877,Chat with Imojean Hashim
724,339,Chat with Mellicent Viddah
725,469,Chat with Ashlee Annabella
726,613,Chat with Caritta Jefferey
727,202,Chat with Etta Septima
728,408,Chat with Heddie Edvard
729,696,Chat with Jackie Jena
730,827,Chat with Charlena Breed
731,975,Chat with Evita Stacy
732,807,Chat with Emmey Maxi
733,212,Chat with Bibby Tannie
734,130,Chat with Rivalee Bandeen
735,903,Chat with Tabbatha Peti
736,182,Chat with Silvana Judye
737,907,Chat with Nyssa Esmaria
738,966,Chat with Silvana Sophronia
739,921,Chat with Linet Kirstin
740,778,Chat with Anica Rurik
741,581,Chat with Isa Hylan
742,953,Chat with Lonnie Auberbach
743,286,Chat with Morganica Buttaro
744,312,Chat with Roberta Keelia
745,280,Chat with Suzette Anton
746,371,Chat with Ricky Amand
747,390,Chat with Jenda Montgomery
748,103,Chat with Jennica Ashely
749,674,Chat with Kittie Fax
750,518,Chat with Donetta Kauppi
751,398,Chat with Joceline Ursulette
752,955,Chat with Dari Hermes
753,900,Chat with Rebeca Lynn
754,674,Chat with Cam Michella
755,636,Chat with Gretal Tamsky
756,990,Chat with Nessie Agle
757,273,Chat with Anallese Auberbach
758,542,Chat with Zsa Zsa Bari
759,360,Chat with Loree Elvyn
760,479,Chat with Ileana Merriott
761,591,Chat with Inga Bibi
762,401,Chat with Aimil Andrel
763,551,Chat with Hermione Rubie
764,652,Chat with Sashenka Joni
765,542,Chat with Celisse Shaver
766,414,Chat with Marcy Sophronia
767,912,Chat with Petronia Seagraves
768,420,Chat with Peri Uund
769,681,Chat with Adelle Kussell
770,567,Chat with Trixi Oriana
771,582,Chat with Heida Duwalt
772,913,Chat with Cissiee Kare
773,605,Chat with Juliane Pip
774,950,Chat with Agnese Manolo
775,442,Chat with Selma McCutcheon
776,395,Chat with Nonnah Delila
777,640,Chat with Zia Ovid
778,194,Chat with Monika Fulmer
779,187,Chat with Corry McClimans
780,847,Chat with Miquela Timon
781,618,Chat with Susette Alarise
782,261,Chat with Genovera Chrystel
783,837,Chat with Teddie Cristi
784,896,Chat with Dode Chinua
785,624,Chat with Benita Germann
786,763,Chat with Clarice Niccolo
787,158,Chat with Katleen Parette
788,862,Chat with Jorry Ax
789,622,Chat with Ezmeralda Stefa
790,865,Chat with Alejandra Cornelia
791,343,Chat with Minda Rugen
792,192,Chat with Di Lowry
793,666,Chat with Bee Atonsah
794,482,Chat with Carmela Fancie
795,180,Chat with Ruthe Weaks
796,219,Chat with Mildrid Dorine
797,269,Chat with Taffy Ciro
798,698,Chat with Glynnis Leopold
799,909,Chat with Elfreda Klotz
800,182,Chat with Trixi Gemini
801,117,Chat with Christal Marcellus
802,517,Chat with Frances Korey
803,159,Chat with Kylynn Uund
804,526,Chat with Charissa McAdams
805,106,Chat with Kara-Lynn Shanley
806,687,Chat with Shaine Durware
807,132,Chat with Goldie Kare
808,805,Chat with Deedee Corilla
809,575,Chat with Selma Verger
810,496,Chat with Daphne Lareena
811,332,Chat with Lindie Kaja
812,408,Chat with Pearline Chapland
813,979,Chat with Helsa Gunn
814,668,Chat with Di McClimans
815,671,Chat with Adore Kamaria
816,136,Chat with Gabriellia Krystle
817,442,Chat with Lanae Judye
818,276,Chat with Cristine Aurelio
819,996,Chat with Margarette McCutcheon
820,217,Chat with Meghann Azeria
821,223,Chat with Rori Bashemeth
822,548,Chat with Barbi Percy
823,993,Chat with Dari Soneson
824,182,Chat with Regina Nikaniki
825,328,Chat with Roslyn Gunn
826,320,Chat with Molli Zaslow
827,744,Chat with Averyl Hutchison
828,523,Chat with Leeanne Trace
829,542,Chat with Eolanda Sheng
830,258,Chat with Zsa Zsa Natica
831,202,Chat with Minda Pattin
832,851,Chat with Willetta Belldas
833,137,Chat with Roz Ardeha
834,552,Chat with Sabina Rosemary
835,717,Chat with Tybie Latini
836,862,Chat with Britni Eliathas
837,994,Chat with Gui Turne
838,729,Chat with Bobinette Demitria
839,610,Chat with Cissiee Zamora
840,734,Chat with Sibella Nadia
841,302,Chat with Florie Delp
842,961,Chat with Steffane Bigner
843,754,Chat with Merry Kermit
844,787,Chat with Elbertina Tice
845,496,Chat with Cyb Docilla
846,349,Chat with Rhea Viddah
847,995,Chat with Josephine Morrill
848,408,Chat with Cyb Burkle
849,179,Chat with Donetta Docilla
850,246,Chat with Joeann Ball
851,178,Chat with Arlina Tryck
852,233,Chat with Carree Pozzy
853,689,Chat with Joceline Catie
854,127,Chat with Dacia Silvan
855,419,Chat with Donetta Bennie
856,494,Chat with Maisey Pyle
857,298,Chat with Elvira Maroney
858,963,Chat with Augustine Francyne
859,974,Chat with Sheelagh Ezar
860,165,Chat with Tarra Fillbert
861,729,Chat with Amalie Mathilde
862,140,Chat with Reeba Autrey
863,403,Chat with Lita Swanhildas
864,530,Chat with Carree Daegal
865,836,Chat with Briney Hertzfeld
866,884,Chat with Adele Hanshaw
867,437,Chat with Ann-Marie Breed
868,122,Chat with Frieda Douglass
869,995,Chat with Jaclyn Tarrant
870,144,Chat with Jorry Aida
871,890,Chat with Angelique Auberbach
872,588,Chat with Andree Suk
873,263,Chat with Sheelagh Fancie
874,975,Chat with Angela Bearnard
875,890,Chat with Marylou Seessel
876,693,Chat with Lucy Merna
877,415,Chat with Doralynne Harl
878,560,Chat with Karlee Meli
879,673,Chat with Gretal Jotham
880,725,Chat with Andeee Anselmi
881,589,Chat with Elena Richers
882,996,Chat with Nariko Adlare
883,229,Chat with Christy Cordi
884,400,Chat with Selia Toni
885,115,Chat with Blondelle Riordan
886,498,Chat with Danika Quinn
887,882,Chat with Althea Hunfredo
888,751,Chat with Margalo Vorster
889,983,Chat with Amara Beebe
890,509,Chat with Frances Lipson
891,242,Chat with Frieda Bonilla
892,805,Chat with Mallory Pulsifer
893,379,Chat with Candi Bohlin
894,992,Chat with Roxane Margarete
895,725,Chat with Allyce Cleo
896,886,Chat with Lindie Daniele
897,675,Chat with Devina Ioab
898,901,Chat with Belva Levey
899,445,Chat with Collen Ophelia
900,566,Chat with Donnie Faria
901,824,Chat with Elise Ulphia
902,386,Chat with Vonny Hathaway
903,637,Chat with Lenna Barrus
904,504,Chat with Ekaterina Sallyann
905,807,Chat with Carlie Bettine
906,422,Chat with Annecorinne Jefferey
907,376,Chat with Nonnah Mullane
908,724,Chat with Elora Tatianas
909,303,Chat with Jinny Fiester
910,924,Chat with Edyth Argus
911,586,Chat with Gerianna Sibyls
912,955,Chat with Dione Rustice
913,322,Chat with Sophia Bertold
914,183,Chat with Coral Evvie
915,122,Chat with Romona Vorster
916,673,Chat with Andree Estella
917,802,Chat with Nanete Alabaster
918,522,Chat with Brynna Guildroy
919,346,Chat with Libbie Wyn
920,664,Chat with Laurene Helfand
921,101,Chat with Ira Eachern
922,568,Chat with Fernande Pandolfi
923,134,Chat with Sue Tice
924,249,Chat with Nicoli Doig
925,283,Chat with Chloris Hazlett
926,457,Chat with Silvana Zachary
927,667,Chat with Mireielle Koziara
928,666,Chat with Myrtice Chandler
929,438,Chat with Blake Belldas
930,663,Chat with Ninnetta Deegan
931,371,Chat with Wendi Richers
932,546,Chat with Aimil Suzetta
933,380,Chat with Blinni Zamora
934,663,Chat with Corly Goode
935,920,Chat with Susan Adore
936,456,Chat with Allis Urias
937,923,Chat with Stevana Henebry
938,567,Chat with Alie Podvin
939,209,Chat with Abbie Thunell
940,714,Chat with Marylou Mozelle
941,334,Chat with Althea Santoro
942,914,Chat with Alexine Ophelia
943,566,Chat with Merci Torray
944,833,Chat with Odessa Rillings
945,484,Chat with Nataline Rosette
946,289,Chat with Blinni Kermit
947,594,Chat with Willetta Sparhawk
948,849,Chat with Stacey Jaylene
949,581,Chat with Jordan Loring
950,732,Chat with Fredericka Gabrielli
951,202,Chat with Estell Crudden
952,330,Chat with Dacia LaRue
953,167,Chat with Viki Skell
954,817,Chat with Trixi Skurnik
955,680,Chat with Jere Roxanna
956,733,Chat with Glenda LaRue
957,434,Chat with Kirstin Etom
958,928,Chat with Tani Greenwald
959,954,Chat with Shell Ortrude
960,606,Chat with Ardenia Ventre
961,908,Chat with Reeba Fulmer
962,854,Chat with Mariann Hedve
963,484,Chat with Letizia Margret
964,307,Chat with Starla Bari
965,697,Chat with Maridel Clywd
966,596,Chat with Aili Marcellus
967,305,Chat with Chloris Ferrell
968,306,Chat with Doralynne Chem
969,305,Chat with Coral Armanda
970,308,Chat with Joeann Jerald
971,291,Chat with Vere Brunell
972,674,Chat with Alexine Moina
973,185,Chat with Lynnea Sikorski
974,315,Chat with Rayna Thar
975,917,Chat with Harrietta Maisey
976,375,Chat with Mady Yuille
977,939,Chat with Sue Medrek
978,151,Chat with Orsola Martguerita
979,628,Chat with Aimil Ovid
980,771,Chat with Hannis Terencio
981,473,Chat with Ayn Garek
982,368,Chat with Robinia Cecile
983,411,Chat with Gaylene Robertson
984,388,Chat with Devina Lilas
985,969,Chat with Bertine Bultman
986,474,Chat with Penelopa Borrell
987,388,Chat with Alia Elephus
988,634,Chat with Linzy Tamar
989,449,Chat with Myrtice Bebe
990,879,Chat with Kylynn Thomasina
991,392,Chat with Jacenta Tarrant
992,560,Chat with Annice Cyrie
993,371,Chat with Grier Gaulin
994,731,Chat with Blinni Margret
995,289,Chat with Angela Kristi
996,431,Chat with Mariele Judye
997,782,Chat with Nadine Llovera
998,463,Chat with Gusella Eno
999,495,Chat with Elsie Lucienne
1000,737,Chat with Tersina Louanna
